{
  "project_info": {
    "project_number": "972851549307",
    "firebase_url": "https://car-booking-316ac.firebaseio.com",
    "project_id": "car-booking-316ac",
    "storage_bucket": "car-booking-316ac.appspot.com"
  },
  "client": [
    {
      "client_info": {
        "mobilesdk_app_id": "1:972851549307:android:6155bdb4480e78616b3ede",
        "android_client_info": {
          "package_name": "com.inducesmile.taxirental"
        }
      },
      "oauth_client": [
        {
          "client_id": "972851549307-k7m1qnakm5a3lnut62ob7nd8p79l2q7r.apps.googleusercontent.com",
          "client_type": 3
        }
      ],
      "api_key": [
        {
          "current_key": "AIzaSyDCddvbsb9SnIg3Dc87bsq9tG9HVvf5_G0"
        }
      ],
      "services": {
        "appinvite_service": {
          "other_platform_oauth_client": [
            {
              "client_id": "972851549307-k7m1qnakm5a3lnut62ob7nd8p79l2q7r.apps.googleusercontent.com",
              "client_type": 3
            }
          ]
        }
      }
    }
  ],
  "configuration_version": "1"
}